{"mean": [0.581542222222222, 0.8225466666666669, -8.118884444444443, 0.04504471777777777, 0.6212842635555553, 0.3123648888888888, 133.74791111111108], "std": [0.11559676752283513, 0.15691659157371188, 2.463493123365506, 0.12939371131565947, 0.3245784630957475, 0.20989655158484583, 13.40476394093155]}